title,city,contract,publication,description,link
Chargé(e) de clientèle (H/F) - Rabat,Rabat,,,,https://www.rekrute.com/offre-emploi-chargee-de-clientele-hf-recrutement-sofrecom-maroc-rabat-173274.html?
Accountant Analyst (CDD) - Rabat,Rabat,,,,https://www.rekrute.com/offre-emploi-accountant-analyst-cdd-recrutement-axa-gbs-morocco-rabat-173277.html
Chef de Projet Télécom (F/H) - Rabat,Rabat,,,,https://www.rekrute.com/offre-emploi-chef-de-projet-telecom-fh-recrutement-sofrecom-maroc-rabat-171542.html?
API Manager (H/F) - Casablanca,Casablanca,,,,https://www.rekrute.com/offre-emploi-api-manager-hf-recrutement-sofrecom-maroc-casablanca-173276.html
Assistantes médicales - Clinique - Inezgane,Inezgane,,,,https://www.rekrute.com/offre-emploi-assistantes-medicales---clinique-recrutement-akdital-inezgane-173047.html?
Gestionnaire Référentiel FRs (H/F) - Rabat,Rabat,,,,https://www.rekrute.com/offre-emploi-gestionnaire-referentiel-frs-hf-recrutement-sofrecom-maroc-rabat-173275.html?
Chef de Projet Télécom (F/H) - Rabat,Rabat,,,,https://www.rekrute.com/offre-emploi-chef-de-projet-telecom-fh-recrutement-sofrecom-maroc-rabat-171542.html
Product Owner (H/F) - Rabat,Rabat,,,,https://www.rekrute.com/offre-emploi-product-owner-hf-recrutement-sofrecom-maroc-rabat-172867.html
Accountant Analyst (CDD) - Rabat,Rabat,,,,https://www.rekrute.com/offre-emploi-accountant-analyst-cdd-recrutement-axa-gbs-morocco-rabat-173277.html?
Product Owner (H/F) - Rabat,Rabat,,,,https://www.rekrute.com/offre-emploi-product-owner-hf-recrutement-sofrecom-maroc-rabat-173029.html?
Gestionnaire Référentiel FRs (H/F) - Rabat,Rabat,,,,https://www.rekrute.com/offre-emploi-gestionnaire-referentiel-frs-hf-recrutement-sofrecom-maroc-rabat-173275.html
Dispatcher (OPM/ Logistic Dept) - Nador,Nador,,,,https://www.rekrute.com/offre-emploi-dispatcher-opm-logistic-dept-recrutement-confidentiel-nador-173278.html?
Product Owner (H/F) - Rabat,Rabat,,,,https://www.rekrute.com/offre-emploi-product-owner-hf-recrutement-sofrecom-maroc-rabat-173029.html
Product Owner (H/F) - Rabat,Rabat,,,,https://www.rekrute.com/offre-emploi-product-owner-hf-recrutement-sofrecom-maroc-rabat-172867.html?
Dispatcher (OPM/ Logistic Dept) - Nador,Nador,,,,https://www.rekrute.com/offre-emploi-dispatcher-opm-logistic-dept-recrutement-confidentiel-nador-173278.html
Ingénieur réseau (H/F) - Rabat,Rabat,,,,https://www.rekrute.com/offre-emploi-ingenieur-reseau-hf-recrutement-sofrecom-maroc-rabat-173273.html
API Manager (H/F) - Casablanca,Casablanca,,,,https://www.rekrute.com/offre-emploi-api-manager-hf-recrutement-sofrecom-maroc-casablanca-173276.html?
Ingénieur réseau (H/F) - Rabat,Rabat,,,,https://www.rekrute.com/offre-emploi-ingenieur-reseau-hf-recrutement-sofrecom-maroc-rabat-173273.html?
Assistantes médicales - Clinique - Inezgane,Inezgane,,,,https://www.rekrute.com/offre-emploi-assistantes-medicales---clinique-recrutement-akdital-inezgane-173047.html
Chargé(e) de clientèle (H/F) - Rabat,Rabat,,,,https://www.rekrute.com/offre-emploi-chargee-de-clientele-hf-recrutement-sofrecom-maroc-rabat-173274.html
Stagiaire en Data Science (H/F) - Rabat,Rabat,,,,https://www.rekrute.com/offre-emploi-stagiaire-en-data-science-hf-recrutement-sorec-rabat-173268.html
Chargé de Développement RH Senior - Casablanca,Casablanca,,,,https://www.rekrute.com/offre-emploi-charge-de-developpement-rh-senior-recrutement-bank-al-yousr-casablanca-173271.html?
Stagiaire en Data Science (H/F) - Rabat,Rabat,,,,https://www.rekrute.com/offre-emploi-stagiaire-en-data-science-hf-recrutement-sorec-rabat-173268.html?
Chargé Reproduction et Santé équine (H/F) - Oujda,Oujda,,,,https://www.rekrute.com/offre-emploi-charge-reproduction-et-sante-equine-hf-recrutement-sorec-oujda-173269.html
Directeur Back Office - Casablanca,Casablanca,,,,https://www.rekrute.com/offre-emploi-directeur-back-office-recrutement-bank-al-yousr-casablanca-171479.html
Commercial(e) Ambitieux(se) – Salaire Fixe 8000 DH + Primes Motivantes ! - Rabat,Rabat,,,,https://www.rekrute.com/offre-emploi-commerciale-ambitieuxse-salaire-fixe-8000-dh-primes-motivantes-recrutement-center-x-rabat-173272.html?
Chargé de Développement RH Senior - Casablanca,Casablanca,,,,https://www.rekrute.com/offre-emploi-charge-de-developpement-rh-senior-recrutement-bank-al-yousr-casablanca-173271.html
chef de projet AMOA SENIOR - Casablanca,Casablanca,,,,https://www.rekrute.com/offre-emploi-chef-de-projet-amoa-senior-recrutement-bank-al-yousr-casablanca-171478.html?
Directeur comptable - Casablancacomp,Casablancacomp,,,,https://www.rekrute.com/offre-emploi-directeur-comptable-recrutement-tersea-casablancacomp-173270.html
Directeur comptable - Casablancacomp,Casablancacomp,,,,https://www.rekrute.com/offre-emploi-directeur-comptable-recrutement-tersea-casablancacomp-173270.html?
chef de projet AMOA SENIOR - Casablanca,Casablanca,,,,https://www.rekrute.com/offre-emploi-chef-de-projet-amoa-senior-recrutement-bank-al-yousr-casablanca-171478.html
Directeur Back Office - Casablanca,Casablanca,,,,https://www.rekrute.com/offre-emploi-directeur-back-office-recrutement-bank-al-yousr-casablanca-171479.html?
Commercial(e) Ambitieux(se) – Salaire Fixe 8000 DH + Primes Motivantes ! - Rabat,Rabat,,,,https://www.rekrute.com/offre-emploi-commerciale-ambitieuxse-salaire-fixe-8000-dh-primes-motivantes-recrutement-center-x-rabat-173272.html
Chargé(e) des Ressources Humaines et de l’Administration du Personnel - Casablanca,Casablanca,,,,https://www.rekrute.com/offre-emploi-chargee-des-ressources-humaines-et-de-ladministration-du-personnel-recrutement-outsourcia-casablanca-173267.html
Chargé Reproduction et Santé équine (H/F) - Oujda,Oujda,,,,https://www.rekrute.com/offre-emploi-charge-reproduction-et-sante-equine-hf-recrutement-sorec-oujda-173269.html?
Chef de Produit Senior - Marketing et communication - Casablanca,Casablanca,,,,https://www.rekrute.com/offre-emploi-chef-de-produit-senior---marketing-et-communication-recrutement-bank-al-yousr-casablanca-172234.html?
Responsable Administratif - Casablanca,Casablanca,,,,https://www.rekrute.com/offre-emploi-responsable-administratif-recrutement-bank-al-yousr-casablanca-171926.html?
Chargé(e) des Ressources Humaines et de l’Administration du Personnel - Casablanca,Casablanca,,,,https://www.rekrute.com/offre-emploi-chargee-des-ressources-humaines-et-de-ladministration-du-personnel-recrutement-outsourcia-casablanca-173267.html?
Chef de Produit Senior - Marketing et communication - Casablanca,Casablanca,,,,https://www.rekrute.com/offre-emploi-chef-de-produit-senior---marketing-et-communication-recrutement-bank-al-yousr-casablanca-172234.html
Responsable Administratif - Casablanca,Casablanca,,,,https://www.rekrute.com/offre-emploi-responsable-administratif-recrutement-bank-al-yousr-casablanca-171926.html
IT Change Manager Specialist - Rabat,Rabat,,,,https://www.rekrute.com/offre-emploi-it-change-manager-specialist-recrutement-excel-management-conseil-rabat-173263.html
Brand manager secteur énergie - Casablanca,Casablanca,,,,https://www.rekrute.com/offre-emploi-brand-manager-secteur-energie-recrutement-confidentiel-casablanca-173256.html?
Stagiaire Communication - Rabat,Rabat,,,,https://www.rekrute.com/offre-emploi-stagiaire-communication-recrutement-orange-business-rabat-173259.html?
télévendeur (H/F) - Casablanca,Casablanca,,,,https://www.rekrute.com/offre-emploi-televendeur-hf-recrutement-infinitas-casablanca-173133.html?
Ingénieur Radio Mobile (H/F) - Rabat,Rabat,,,,https://www.rekrute.com/offre-emploi-ingenieur-radio-mobile-hf-recrutement-sofrecom-maroc-rabat-173266.html
Ingénieur Radio Mobile (H/F) - Rabat,Rabat,,,,https://www.rekrute.com/offre-emploi-ingenieur-radio-mobile-hf-recrutement-sofrecom-maroc-rabat-173266.html?
Business Developer Energy Région Sud  ( Laayoun ) - Laâyoune,Laâyoune,,,,https://www.rekrute.com/offre-emploi-business-developer-energy-region-sud-laayoun-recrutement-confidentiel-laayoune-173261.html?
IT Change Manager Specialist - Rabat,Rabat,,,,https://www.rekrute.com/offre-emploi-it-change-manager-specialist-recrutement-excel-management-conseil-rabat-173263.html?
Customs Specialist - Tanger,Tanger,,,,https://www.rekrute.com/offre-emploi-customs-specialist-recrutement-yazaki-morocco-tanger-173258.html?
Téléprospecteur BtoB (H/F) - Casablanca,Casablanca,,,,https://www.rekrute.com/offre-emploi-teleprospecteur-btob-hf-recrutement-infinitas-casablanca-173265.html
Responsable Recrutement & Marque Employeur - Rabat,Rabat,,,,https://www.rekrute.com/offre-emploi-responsable-recrutement-marque-employeur-recrutement-fondation-arrawaj-rabat-173260.html
télévendeur (H/F) - Casablanca,Casablanca,,,,https://www.rekrute.com/offre-emploi-televendeur-hf-recrutement-infinitas-casablanca-173133.html
Responsable Recrutement & Marque Employeur - Rabat,Rabat,,,,https://www.rekrute.com/offre-emploi-responsable-recrutement-marque-employeur-recrutement-fondation-arrawaj-rabat-173260.html?
Téléprospecteur BtoB (H/F) - Casablanca,Casablanca,,,,https://www.rekrute.com/offre-emploi-teleprospecteur-btob-hf-recrutement-infinitas-casablanca-173265.html?
Business Developer Energy Région Sud  ( Laayoun ) - Laâyoune,Laâyoune,,,,https://www.rekrute.com/offre-emploi-business-developer-energy-region-sud-laayoun-recrutement-confidentiel-laayoune-173261.html
Responsable Commercial Secteur Aéronautique - Casablanca,Casablanca,,,,https://www.rekrute.com/offre-emploi-responsable-commercial-secteur-aeronautique-recrutement-confidentiel-casablanca-173257.html?
Stagiaire Communication - Rabat,Rabat,,,,https://www.rekrute.com/offre-emploi-stagiaire-communication-recrutement-orange-business-rabat-173259.html
Brand manager secteur énergie - Casablanca,Casablanca,,,,https://www.rekrute.com/offre-emploi-brand-manager-secteur-energie-recrutement-confidentiel-casablanca-173256.html
Customs Specialist - Tanger,Tanger,,,,https://www.rekrute.com/offre-emploi-customs-specialist-recrutement-yazaki-morocco-tanger-173258.html
Responsable Commercial Secteur Aéronautique - Casablanca,Casablanca,,,,https://www.rekrute.com/offre-emploi-responsable-commercial-secteur-aeronautique-recrutement-confidentiel-casablanca-173257.html
CHEF DE PARTIE MOROCCAN SPECIALITY - SHBM - Rabat,Rabat,,,,https://www.rekrute.com/offre-emploi-chef-de-partie-moroccan-speciality---shbm-recrutement-um6p---universite-mohammed-vi-polytechnique-rabat-173252.html
Sales Development Representative - UK Market - CASABLANCA,CASABLANCA,,,,https://www.rekrute.com/offre-emploi-sales-development-representative---uk-market-recrutement-leyton-casablanca-173250.html
Chargé (e) d’insertion - Safi,Safi,,,,https://www.rekrute.com/offre-emploi-charge-e-dinsertion-recrutement-leet-initiative-safi-173255.html
Content & Community Manager - Casablanca,Casablanca,,,,https://www.rekrute.com/offre-emploi-content-community-manager-recrutement-confidentiel-casablanca-172504.html?
Sales Development Representative - UK Market - CASABLANCA,CASABLANCA,,,,https://www.rekrute.com/offre-emploi-sales-development-representative---uk-market-recrutement-leyton-casablanca-173250.html?
CHEF DE PARTIE MOROCCAN SPECIALITY - SHBM - Rabat,Rabat,,,,https://www.rekrute.com/offre-emploi-chef-de-partie-moroccan-speciality---shbm-recrutement-um6p---universite-mohammed-vi-polytechnique-rabat-173252.html?
Content & Community Manager - Casablanca,Casablanca,,,,https://www.rekrute.com/offre-emploi-content-community-manager-recrutement-confidentiel-casablanca-172504.html
Stagiaire en Ressources Humaines (H/F) - Casablanca,Casablanca,,,,https://www.rekrute.com/offre-emploi-stagiaire-en-ressources-humaines-hf-recrutement-lesieur-cristal-casablanca-172483.html?
Head of SMC (H/F) - Casablanca,Casablanca,,,,https://www.rekrute.com/offre-emploi-head-of-smc-hf-recrutement-sofrecom-maroc-casablanca-173254.html?
Responsable Admission - Expérience Clinique - Nador,Nador,,,,https://www.rekrute.com/offre-emploi-responsable-admission---experience-clinique-recrutement-akdital-nador-172400.html?
Ingénieur Core Network Voix/Data - Casablanca,Casablanca,,,,https://www.rekrute.com/offre-emploi-ingenieur-core-network-voixdata-recrutement-capgemini-engineering-casablanca-173251.html?
Head of technical operations (H/F) - Casablanca,Casablanca,,,,https://www.rekrute.com/offre-emploi-head-of-technical-operations-hf-recrutement-sofrecom-maroc-casablanca-173253.html?
Trafic Manager - Casablanca,Casablanca,,,,https://www.rekrute.com/offre-emploi-trafic-manager-recrutement-lesieur-cristal-casablanca-172458.html
Head of technical operations (H/F) - Casablanca,Casablanca,,,,https://www.rekrute.com/offre-emploi-head-of-technical-operations-hf-recrutement-sofrecom-maroc-casablanca-173253.html
Stagiaire en Ressources Humaines (H/F) - Casablanca,Casablanca,,,,https://www.rekrute.com/offre-emploi-stagiaire-en-ressources-humaines-hf-recrutement-lesieur-cristal-casablanca-172483.html
Trafic Manager - Casablanca,Casablanca,,,,https://www.rekrute.com/offre-emploi-trafic-manager-recrutement-lesieur-cristal-casablanca-172458.html?
Chargé (e) d’insertion - Safi,Safi,,,,https://www.rekrute.com/offre-emploi-charge-e-dinsertion-recrutement-leet-initiative-safi-173255.html?
Ingénieur Core Network Voix/Data - Casablanca,Casablanca,,,,https://www.rekrute.com/offre-emploi-ingenieur-core-network-voixdata-recrutement-capgemini-engineering-casablanca-173251.html
Head of SMC (H/F) - Casablanca,Casablanca,,,,https://www.rekrute.com/offre-emploi-head-of-smc-hf-recrutement-sofrecom-maroc-casablanca-173254.html
Responsable Admission - Expérience Clinique - Nador,Nador,,,,https://www.rekrute.com/offre-emploi-responsable-admission---experience-clinique-recrutement-akdital-nador-172400.html
Commercial Terrain (H/F) - Agadir,Agadir,,,,https://www.rekrute.com/offre-emploi-commercial-terrain-hf-recrutement-manpower-agences-agadir-173248.html?
Responsable Commercial Automobile - Khénifra,Khénifra,,,,https://www.rekrute.com/offre-emploi-responsable-commercial-automobile-recrutement-confidentiel-khenifra-173242.html
Technicien Service Desk FR/EN (CDD) - Sala Al Jadida,Sala Al Jadida,,,,https://www.rekrute.com/offre-emploi-technicien-service-desk-fren-cdd-recrutement-econocom-maroc-sala-al-jadida-173241.html?
Ingénieur de Production Sénior (H/ F) - Casablanca,Casablanca,,,,https://www.rekrute.com/offre-emploi-ingenieur-de-production-senior-h-f-recrutement-confidentiel-casablanca-173245.html
IT Business Partner - Rabat,Rabat,,,,https://www.rekrute.com/offre-emploi-it-business-partner-recrutement-axa-services-maroc-rabat-173246.html?
Responsable Commercial Automobile - Khémisset,Khémisset,,,,https://www.rekrute.com/offre-emploi-responsable-commercial-automobile-recrutement-confidentiel-khemisset-173243.html?
Responsable Commercial Automobile - Khénifra,Khénifra,,,,https://www.rekrute.com/offre-emploi-responsable-commercial-automobile-recrutement-confidentiel-khenifra-173242.html?
Responsable des Ressources Humaines (H/F) - Casablanca,Casablanca,,,,https://www.rekrute.com/offre-emploi-responsable-des-ressources-humaines-hf-recrutement-confidentiel-casablanca-173247.html
IT Business Partner - Rabat,Rabat,,,,https://www.rekrute.com/offre-emploi-it-business-partner-recrutement-axa-services-maroc-rabat-173246.html
Directeur Technique - Tout le Maroc,Tout le Maroc,,,,https://www.rekrute.com/offre-emploi-directeur-technique-recrutement-confidentiel-tout-le-maroc-173249.html
Commerciaux en Assurance santé – Émission d’Appels - Casablanca,Casablanca,,,,https://www.rekrute.com/offre-emploi-commerciaux-en-assurance-sante-emission-dappels-recrutement-eca-assurances-casablanca-172407.html?
Ingénieur de Production Sénior (H/ F) - Casablanca,Casablanca,,,,https://www.rekrute.com/offre-emploi-ingenieur-de-production-senior-h-f-recrutement-confidentiel-casablanca-173245.html?
Commercial Terrain (H/F) - Agadir,Agadir,,,,https://www.rekrute.com/offre-emploi-commercial-terrain-hf-recrutement-manpower-agences-agadir-173248.html
Commerciaux en Assurance santé – Émission d’Appels - Casablanca,Casablanca,,,,https://www.rekrute.com/offre-emploi-commerciaux-en-assurance-sante-emission-dappels-recrutement-eca-assurances-casablanca-172407.html
Technicien Service Desk FR/EN (CDD) - Sala Al Jadida,Sala Al Jadida,,,,https://www.rekrute.com/offre-emploi-technicien-service-desk-fren-cdd-recrutement-econocom-maroc-sala-al-jadida-173241.html
Responsable des Ressources Humaines (H/F) - Casablanca,Casablanca,,,,https://www.rekrute.com/offre-emploi-responsable-des-ressources-humaines-hf-recrutement-confidentiel-casablanca-173247.html?
Responsable Commercial Automobile - Khémisset,Khémisset,,,,https://www.rekrute.com/offre-emploi-responsable-commercial-automobile-recrutement-confidentiel-khemisset-173243.html
Ingénieur Réseaux et Télécoms Junior - Casablanca,Casablanca,,,,https://www.rekrute.com/offre-emploi-ingenieur-reseaux-et-telecoms-junior-recrutement-eca-assurances-casablanca-171765.html
Directeur Technique - Tout le Maroc,Tout le Maroc,,,,https://www.rekrute.com/offre-emploi-directeur-technique-recrutement-confidentiel-tout-le-maroc-173249.html?
Ingénieur Réseaux et Télécoms Junior - Casablanca,Casablanca,,,,https://www.rekrute.com/offre-emploi-ingenieur-reseaux-et-telecoms-junior-recrutement-eca-assurances-casablanca-171765.html?
